descrizione;descrizione_bis
Abbacchio In Parti;Abbacchio In Parti
Abbacchio Intero;Abbacchio Intero / Metà
Abbacchio MetÓ;Abbacchio Intero / Metà
Agnello Da Latte In Parti;Agnello Da Latte In Parti
Agnello Da Latte Intero;Agnello Da Latte Intero / Metà
Agnello Da Latte MetÓ;Agnello Da Latte Intero / Metà
Alette Arrosto Pollo;Alette Arrosto Pollo 
Alette Impanate Pollo;Alette Impanate Pollo
Alette Piccanti / Diavola Pollo;Alette Piccanti / Diavola Pollo
Alette Pollo;Alette Pollo
Alette Unite Pollo;Alette Pollo
Ali Tacchino;Ali Tacchino
Anatra In Parti / A Pezzi;Anatra In Parti / A Pezzi
Anatra Intera;Anatra Intera
Busto Anatra;Anatra Intera / Busto
Anime Abbacchio;Anime Abbacchio
Animelle Vitello;Anime Vitello
Anteriore Coniglio;Anteriore Coniglio
Arrosticini / Spiedini Agnello;Arrosticini / Spiedini Agnello
Arrosticini / Spiedini Vitello;Arrosticini / Spiedini Vitello
Arrosticini B.A.;Arrosticini B.A.
Arrosticini Impanati Pollo;Arrosticini Impanati Pollo
Arrosticini Piemontese B.A.;Arrosticini Piemontese B.A.
Arrosticini Pollo;Arrosticini Pollo 
Arrosticini Scottona B.A.;Arrosticini Scottona B.A.
Arrosticini Suino;Arrosticini Suino
Arrosticini Tacchino;Arrosticini Tacchino 
Arrosto B.A.;Arrosto B.A.
Arrosto Magro B.A.;Arrosto Magro B.A.
Arrosto Magro Piemontese B.A.;Arrosto Magro Piemontese B.A.
Arrosto Magro Scottona B.A.;Arrosto Magro Scottona B.A.
Arrosto Misto Pollo E Tacchino;Arrosto Misto Pollo E Tacchino
Arrosto Pollo;Arrosto Pollo
Arrosto Suino;Arrosto Suino
Arrosto Tacchino;Arrosto Tacchino
Arrosto Vitello;Arrosto Vitello
RollÚ B.A.;Arrotolato / Rollé B.A.
Arrotolato / RollÚ Coniglio;Arrotolato / Rollé Coniglio
Arrotolato / RollÚ Faraona;Arrotolato / Rollé Faraona
RollÚ Farcito B.A.;Arrotolato / Rollé Farcito B.A.
Arrotolato Pollo;Arrotolato / Rollé Pollo
RollÚ Pollo;Arrotolato / Rollé Pollo
Arrotolato / RollÚ Suino;Arrotolato / Rollé Suino
Arrotolato Tacchino;Arrotolato / Rollé Tacchino
RollÚ Tacchino;Arrotolato / Rollé Tacchino
Arrotolato / RollÚ Vitello;Arrotolato / Rollé Vitello
Assortimento Misto Agnellone;Assortimento Misto Agnellone
Assortimento Misto Suino;Assortimento Misto Suino
Bastoncini Di Pollo;Bastoncini Di Pollo
Battuta Fassona B. A.;Battuta Fassona B. A.
Battuta Piemontese B.A.;Battuta Piemontese B.A.
Battuta Scottona B.A.;Battuta Scottona B.A.
Biancostato B.A.;Biancostato / Bollito B.A.
Bollito Scelto Con Osso B.A.;Biancostato / Bollito B.A.
Bollito Scelto Senza Osso B.A.;Biancostato / Bollito B.A.
Bollito Scelto Con Osso Vitello;Biancostato / Bollito Vitello
Bollito Scelto Senza Osso Vitello;Biancostato / Bollito Vitello
Biancostato Chianina B.A.;Biancostato Chianina B.A.
Biancostato Piemontese B.A.;Biancostato Piemontese B.A.
Biancostato Scottona B.A.;Biancostato Scottona B.A.
Biancostato Vitello;Biancostato Vitello
Birbe / Crocchette / Cricche Con Formaggio;Birbe / Crocchette / Cricche Con Formaggio
Birbe / Crocchette / Cricche Con Speck Pollo;Birbe / Crocchette / Cricche Con Speck Pollo 
Birbe / Crocchette / Cricche Con Spinaci;Birbe / Crocchette / Cricche Con Spinaci
Birbe / Crocchette / Cricche Pollo;Birbe / Crocchette / Cricche Pollo
Birbe / Crocchette / Cricche Tacchino;Birbe / Crocchette / Cricche Tacchino
Birbe / Crocchette Pollo / Cricche;Birbe / Crocchette Pollo / Cricche
Birbe/Crocchette/Cricche Con Formaggio Pollo;Birbe/Crocchette/Cricche Con Formaggio Pollo
Birbe/Crocchette/Cricche Con Spinaci Pollo;Birbe/Crocchette/Cricche Con Spinaci Pollo
Bistecca Costa / Costata Puledro;Bistecca Costa / Costata Puledro
Bistecca Costa Con Osso B.A.;Bistecca Costa Con Osso B.A.
Costata Con Osso B.A.;Bistecca Costa Con Osso B.A.
Bistecca Costa Con Osso Chianina B.A.;Bistecca Costa Con Osso Chianina B.A.
Costata Con Osso Chianina B.A.;Bistecca Costa Con Osso Chianina B.A.
Bistecca Costa Con Osso Irlandese B.A.;Bistecca Costa Con Osso Irlandese B.A.
Costata Con Osso Scottona B.A;Bistecca Costa Con Osso Scottona B.A
Bistecca Costa Con Osso Scottona B.A.;Bistecca Costa Con Osso Scottona B.A.
Bistecca Con Osso Vitello;Bistecca Costa Con Osso Vitello
Costata Vitello;Bistecca Costa Con Osso Vitello
Bistecca Equino;Bistecca Costa Equino
Costata Equino;Bistecca Costa Equino
Bistecca Costa Senza Osso B.A.;Bistecca Costa Senza Osso B.A.
Costata Senza Osso B.A.;Bistecca Costa Senza Osso B.A.
Bistecca Costa Senza Osso Chianina B.A.;Bistecca Costa Senza Osso Chianina B.A.
Bistecca Costa Senza Osso Irlandese B.A;Bistecca Costa Senza Osso Irlandese B.A
Bistecca Costa Senza Osso Irlandese B.A.;Bistecca Costa Senza Osso Irlandese B.A.
Bistecca Costa Senza Osso Scottona B.A.;Bistecca Costa Senza Osso Scottona B.A.
Costata Suino;Bistecca Costa Suino
Bistecca Pollo;Bistecca Pollo
Bistecca Tacchino;Bistecca Tacchino
Bistecca Tomahawk B.A.;Bistecca Tomahawk B.A.
Bistecca Tomahawk Scottona B.A.;Bistecca Tomahawk Scottona B.A.
Bistecche Di Lombo Suino;Bistecche / Braciole / Nodini Di Lombo Suino
Braciole Di Lombo Suino;Bistecche / Braciole / Nodini Di Lombo Suino
Cotolette Nodini Suino;Bistecche / Braciole / Nodini Di Lombo Suino
Bistecche Di Collo Con Osso Suino;Bistecche / Braciole Di Collo Suino
Bistecche Di Collo Senza Osso Suino;Bistecche / Braciole Di Collo Suino
Braciole Di Coppa Con Osso Suino;Bistecche / Braciole Di Collo Suino
Braciole Di Coppa Senza Osso Suino;Bistecche / Braciole Di Collo Suino
Bistecche Di Coppa Senza Osso Cinghiale;Bistecche Di Coppa Senza Osso Cinghiale
Bistecche Di Fracosta / Reale B.A.;Bistecche Di Fracosta / Reale B.A.
Bistecche Di Fracosta / Reale Chianina B.A.;Bistecche Di Fracosta / Reale Chianina B.A.
Bistecche Di Fracosta / Reale Piemontese B.A.;Bistecche Di Fracosta / Reale Piemontese B.A.
Bistecche Di Fracosta / Reale Scottona B.A.;Bistecche Di Fracosta / Reale Scottona B.A.
Bistecche Di Fracosta / Reale Vitello;Bistecche Di Fracosta / Reale Vitello
Bistecche Di Lombo / Sirloin B.A.;Bistecche Di Lombo / Sirloin B.A.
Bistecche Di Lombo / Sirloin Chianina B.A.;Bistecche Di Lombo / Sirloin Chianina B.A.
Bistecche Di Lombo / Sirloin Danese B.A.;Bistecche Di Lombo / Sirloin Danese B.A.
Bistecche Di Lombo / Sirloin Piemontese B.A.;Bistecche Di Lombo / Sirloin Piemontese B.A.
Bistecche Di Lombo / Sirloin Scottona B.A.;Bistecche Di Lombo / Sirloin Scottona B.A.
Bistecche Di Lombo Cinghiale;Bistecche Di Lombo Cinghiale
Bistecche Di Lombo Coniglio;Bistecche Di Lombo Coniglio
Bocconcini / Spezzatino / Cinghiale;Bocconcini / Spezzatino / Cinghiale
Spezzatino Agnello;Bocconcini / Spezzatino Agnello
Bocconcini B.A.;Bocconcini / Spezzatino B.A.
Spezzatino B.A.;Bocconcini / Spezzatino B.A.
Spezzatino Con Osso B.A.;Bocconcini / Spezzatino B.A.
Bocconcini / Spezzatino Chianina B.A.;Bocconcini / Spezzatino Chianina B.A.
Bocconcini / Spezzatino Coniglio;Bocconcini / Spezzatino Coniglio
Bocconcini / Spezzatino Equino;Bocconcini / Spezzatino Equino
Spezzatino Equino;Bocconcini / Spezzatino Equino
Bocconcini / Spezzatino Lepre;Bocconcini / Spezzatino Lepre
Bocconcini / Spezzatino Piemontese B.A.;Bocconcini / Spezzatino Piemontese B.A.
Bocconcini / Spezzatino Pollo;Bocconcini / Spezzatino Pollo
Bocconcini Pollo;Bocconcini / Spezzatino Pollo
Bocconcini / Spezzatino Suino;Bocconcini / Spezzatino Suino
Bocconcini Tacchino;Bocconcini / Spezzatino Tacchino
Spezzato / Spezzatino Tacchino;Bocconcini / Spezzatino Tacchino
Bocconcini Vitello;Bocconcini / Spezzatino Vitello
Spezzatino Vitello;Bocconcini / Spezzatino Vitello
Bocconcini Conditi Tacchino;Bocconcini Conditi Tacchino
Bocconcini Impanati Pollo;Bocconcini Impanati Pollo
Bocconcini Scottona B.A.;Bocconcini Scottona B.A.
Cappello Prete B.A.;Bollito B.A.
Bollito Misto (B.A. E Gallina);Bollito Misto (B.A. E Gallina)
Bombette / Turcinieddi Suino;Bombette / Turcinieddi Suino
Bombette Suino;Bombette Suino
Bon Roll / Rollata Di Pollo Condito;Bon Roll / Rollata Di Pollo Condito
Bon Roll / Rollata Di Pollo E Tacchino;Bon Roll / Rollata Di Pollo E Tacchino
Bon Roll / Rollata Di Tacchino;Bon Roll / Rollata Di Tacchino
Bon Roll / Rollata Pollo E Tacchino Condito;Bon Roll / Rollata Pollo E Tacchino Condito
Bon Roll Di Pollo Condito;Bon Roll Di Pollo Condito
Braciole Di Coppa Con Osso Cinghiale;Braciole Di Coppa Con Osso Cinghiale
Braciole Di Pollo;Braciole Di Pollo
Braciole Con Osso Vitello;Braciole Vitello
Braciole Senza Osso Vitello;Braciole Vitello
Brasato Barolo;Brasato Barolo
Brutto/Buono B. A.;Brutto/Buono B. A.
Cappello Prete Piemontese B.A.;Cappello Prete Piemontese B.A.
Cappello Prete Scottona B.A.;Cappello Prete Scottona B.A.
Cappello Prete Vitello;Cappello Prete Vitello
Cappone In Quarti;Cappone In Quarti
Cappone Intero / Busto;Cappone Intero / Busto
Capretto In Parti;Capretto In Parti
Capretto In Parti / A Pezzi;Capretto In Parti
Capretto Intero;Capretto Intero / Metà
Capretto MetÃ ;Capretto Intero / Metà
Capretto MetÓ;Capretto Intero / Metà
Carpaccio B.A.;Carpaccio B.A.
Carpaccio Chianina B.A.;Carpaccio Chianina B.A.
Carpaccio Danese B.A.;Carpaccio Danese B.A.
Carpaccio Equino;Carpaccio Equino
Carpaccio Piemontese B.A.;Carpaccio Piemontese B.A.
Carpaccio Scottona B.A.;Carpaccio Scottona B.A. 
Carpaccio Vitello;Carpaccio Vitello
CarrÚ Agnello;Carré Agnello
CarrÚ Coniglio;Carré Coniglio
CarrÚ Suino;Carré Suino
CarrÚ Vitello;Carré Vitello
Cervella B.A.;Cervella B.A.
Cervella Vitello;Cervella Vitello
Chicchi Di Suino;Chicchi Di Suino
Chicchi Suino;Chicchi Suino
Chicchi Vitello;Chicchi Vitello
Ciccioli / Greppole Suino;Ciccioli / Greppole Suino
Cipollata B.A.;Cipollata B.A.
Cipollata Suino;Cipollata Suino
Coda B.A.;Coda B.A.
Coda Suino;Coda Suino
Coda Vitello;Coda Vitello
Collo Tacchino;Collo Tacchino
Coniglio In Parti / A Pezzi;Coniglio In Parti / A Pezzi
Coniglio In Parti / A Pezzi Condito;Coniglio In Parti / A Pezzi Condito
Coniglio Intero;Coniglio Intero
Controfiletto A Fette Argentina B.A.;Controfiletto A Fette Argentina B.A.
Controfiletto A Fette B.A.;Controfiletto A Fette B.A.
Controfiletto A Fette Black Angus B.A.;Controfiletto A Fette Black Angus B.A.
Controfiletto A Fette Chianina B.A;Controfiletto A Fette Chianina B.A
Controfiletto A Fette Chianina B.A.;Controfiletto A Fette Chianina B.A.
Controfiletto A Fette Danese B.A.;Controfiletto A Fette Danese B.A.
Controfiletto A Fette Irlandese B.A.;Controfiletto A Fette Irlandese B.A.
Controfiletto A Fette Piemontese B.A;Controfiletto A Fette Piemontese B.A
Controfiletto A Fette Piemontese B.A.;Controfiletto A Fette Piemontese B.A.
Controfiletto A Fette Pollo;Controfiletto A Fette Pollo
Controfiletto A Fette Scottona B.A;Controfiletto A Fette Scottona B.A
Controfiletto A Fette Scottona B.A.;Controfiletto A Fette Scottona B.A.
Controfiletto A Pezzi Pollo;Controfiletto A Pezzi Pollo
Controfiletto Equino;Controfiletto Equino
Controfiletto Puledro;Controfiletto Puledro
Coppa A Fette Senza Osso Cinghiale;Coppa A Fette Senza Osso Cinghiale
Coppa A Fette Senza Osso Suino;Coppa A Fette Senza Osso Suino
Coppa A Tranci Senza Osso Cinghiale;Coppa A Tranci Senza Osso Cinghiale
Coppa A Tranci Senza Osso Suino;Coppa A Tranci Senza Osso Suino
Coppiette Suino;Coppiette Suino
Coratella Abbacchio;Coratella Abbacchio
Cordon Bleu Di Pollo E Tacchino;Cordon Bleu Di Pollo E Tacchino 
Cordon Bleu Pollo;Cordon Bleu Pollo
Cordon Bleu Pollo ( Speck E Formaggio );Cordon Bleu Pollo
Cordon Bleu Pollo Alla Pizzaiola;Cordon Bleu Pollo 
Cordon Bleu Pollo Con Funghi;Cordon Bleu Pollo Con Funghi
Cordon Bleu Suino;Cordon Bleu Suino
Cordon Bleu Tacchino;Cordon Bleu Tacchino
Cordon Bleu Tacchino Alla Pizzaiola;Cordon Bleu Tacchino Alla Pizzaiola
Cosce Coniglio;Cosce Coniglio
Cosce Quaglia;Cosce Quaglia
Coscia / Cosciotto Disossato Pollo;Coscia / Cosciotto Disossato Pollo
Coscia / Cosciotto Pollo;Coscia / Cosciotto Pollo
Coscia Anatra;Coscia Anatra
Coscia Maialino;Coscia Maialino
Coscia Suino;Coscia Suino
Coscia Vitello;Coscia Vitello
Coscio Abbacchio;Coscio Abbacchio
Coscio Agnello;Coscio Agnello
Coscio Pecora;Coscio Pecora
Coscio Tacchino;Coscio Tacchino
Cosciotto Disossato Pollo;Cosciotto Disossato Pollo
Costata Con Osso Piemontese B.A.;Costata Con Osso Piemontese B.A.
Costata Con Osso Scottona B.A.;Costata Con Osso Scottona B.A.
Costine / Costolette / Cotolette Agnello;Costine / Costolette / Cotolette Agnello
Costine / Costolette Abbacchio;Costine / Costolette Abbacchio
Costine / Costolette Agnello;Costine / Costolette Agnello
Lombatine Agnello;Costine / Costolette Agnello
Costine / Costolette Pecora;Costine / Costolette Pecora
Costine / Costolette Vitello;Costine / Costolette Vitello
Costine / Puntine / Spuntature Cinghiale;Costine / Puntine / Spuntature Cinghiale
Costine / Puntine / Spuntature Suino;Costine / Puntine / Spuntature Suino
Cotechino Suino;Cotechino Suino
Cotenna Suino;Cotenna Suino
Cotoletta Impanata B.A;Cotoletta Impanata B.A
Cotoletta Impanata B.A.;Cotoletta Impanata B.A.
Cotoletta Impanata Scottona B.A.;Cotoletta Impanata Scottona B.A.
Cotoletta Impanata Suino;Cotoletta Impanata Suino
Cotoletta Integrale Pollo;Cotoletta Integrale Pollo
Cotoletta Pollo;Cotoletta Pollo
Cotoletta Tacchino;Cotoletta Tacchino
Cotolette Nodini Cinghiale;Cotolette Nodini Cinghiale
Cotolette Nodini Impanati Suino;Cotolette Nodini Impanati Suino
Cotolette Nodini Vitello;Cotolette Nodini Vitello
Lombatine Vitello;Cotolette Nodini Vitello
Cuore A Fette B.A.;Cuore A Fette B.A.
Cuore A Fette Vitello;Cuore A Fette Vitello
Cuore B.A.;Cuore B.A.
Cuore Suino;Cuore Suino
Cuore Tacchino;Cuore Tacchino
Cuore Vitello;Cuore Vitello
Dakota Pollo;Dakota Pollo
Dakota Suino;Dakota Suino
Dakota Tacchino;Dakota Tacchino
Diaframma B.A.;Diaframma B.A.
Diaframma Equino;Diaframma Equino
Durelli / Ventrigli Pollo;Durelli / Ventrigli Pollo
Durelli / Ventrigli Tacchino;Durelli / Ventrigli Tacchino
Entrecote Argentina B.A.;Entrecote Argentina B.A.
Entrecote Australiana B.A.;Entrecote Australiana B.A.
Entrecote B.A.;Entrecote B.A.
Entrecote Black Angus B.A.;Entrecote Black Angus B.A.
Entrecote Chianina B.A.;Entrecote Chianina B.A.
Entrecote Danese B.A.;Entrecote Danese B.A.
Entrecote Irlandese B.A.;Entrecote Irlandese B.A.
Entrecote Piemontese B.A;Entrecote Piemontese B.A
Entrecote Scottona B.A.;Entrecote Scottona B.A. 
Fagottini Pollo;Fagottini Pollo
Faraona In Parti / A Pezzi;Faraona In Parti / A Pezzi
Busto Faraona;Faraona Intera / Busto
Faraona Intera;Faraona Intera / Busto
Faraona Ripiena;Faraona Ripiena
Fegatelli Di Suino;Fegatelli Di Suino
Fegatini Di Pollo;Fegatini Di Pollo
Fegatini E Cuore Coniglio;Fegatini E Cuore Coniglio
Fegatini E Cuore Pollo;Fegatini E Cuore Pollo
Fegato A Fette B.A;Fegato A Fette B.A
Fegato A Fette B.A.;Fegato A Fette B.A.
Fegato A Fette Vitello;Fegato A Fette Vitello
Fegato B.A.;Fegato B.A.
Fegato Coniglio;Fegato Coniglio
Fegato Suino;Fegato Suino
Fegato Tacchino;Fegato Tacchino
Fegato Vitello;Fegato Vitello
Fesa / Sceltissima Tranci Vitello;Fesa / Sceltissima Tranci Vitello
Fesa A Fette Impanate Tacchino;Fesa A Fette Impanate Tacchino
Fesa A Fette Impanate Vitello;Fesa A Fette Impanate Vitello
Fesa A Fette Tacchino;Fesa A Fette Tacchino
Petto A Fette Tacchino;Fesa A Fette Tacchino
Fesa A Fette Vitello;Fesa A Fette Vitello
Petto A Fette Vitello;Fesa A Fette Vitello
Fesa A Tranci Tacchino;Fesa A Tranci Tacchino
Fesa Intera Tacchino;Fesa A Tranci Tacchino
Fette / Fettine Puledro;Fette / Fettine Puledro
Fette / Fettine Equino;Fette / Fettine Scelte Spalla Equino
Fette / Fettine Scelte Spalla Equino;Fette / Fettine Scelte Spalla Equino
Fette / Fettine Scelte Spalla Puledro;Fette / Fettine Scelte Spalla Puledro
Fette / Fettine Sceltissime Coscia Equino;Fette / Fettine Sceltissime Coscia Equino
Fette / Fettine Sottili / Fine Equino;Fette / Fettine Sottili / Fine Equino
Fettine Coscia / Sceltissime Black Angus B.A.;Fettine Coscia / Sceltissime Black Angus B.A.
Fettine Coscia / Sceltissime Chianina B.A.;Fettine Coscia / Sceltissime Chianina B.A.
Fettine Coscia / Sceltissime Danese B.A.;Fettine Coscia / Sceltissime Danese B.A.
Fettine Coscia / Sceltissime Piemontese B.A.;Fettine Coscia / Sceltissime Piemontese B.A.
Fettine Coscia Suino;Fettine Coscia Suino
Fettine Di Armone B.A.;Fettine Di Armone B.A.
Fettine Di Coniglio;Fettine Di Coniglio
Fettine Di Controgirello B.A.;Fettine Di Controgirello B.A.
Fettine Di Girello B.A.;Fettine Di Girello B.A.
Fettine Di Girello Chianina B.A.;Fettine Di Girello Chianina B.A.
Fettine Di Girello Danese B.A.;Fettine Di Girello Danese B.A.
Fettine Di Girello Piemontese B.A.;Fettine Di Girello Piemontese B.A.
Fettine Di Girello Scottona B.A.;Fettine Di Girello Scottona B.A.
Fettine Di Girello Suino;Fettine Di Girello Suino
Fettine Di Kobe B.A.;Fettine Di Kobe B.A.
Fettine Di Noce B.A;Fettine Di Noce B.A
Fettine Di Noce B.A.;Fettine Di Noce B.A.
Fettine Di Noce Equino;Fettine Di Noce Equino
Fettine Di Pezza / Scamone B.A.;Fettine Di Pezza / Scamone B.A.
Fettine Di Pezza / Scamone Irlandese B.A.;Fettine Di Pezza / Scamone Irlandese B.A.
Fettine Di Pezza / Scamone Piemontese B.A;Fettine Di Pezza / Scamone Piemontese B.A
Fettine Di Pezza / Scamone Scottona B.A.;Fettine Di Pezza / Scamone Scottona B.A.
Fettine Di Pezza / Scamone Vitello;Fettine Di Pezza / Scamone Vitello
Fettine Di Rosa B.A.;Fettine Di Rosa B.A.
Fettine Di Rosa Piemontese B.A.;Fettine Di Rosa Piemontese B.A.
Fettine Di Rosa Scottona B.A.;Fettine Di Rosa Scottona B.A.
Fettine Di Rosa Vitello;Fettine Di Rosa Vitello
Fettine Lacerto B.A;Fettine Lacerto B.A
Fettine Lacerto B.A.;Fettine Lacerto B.A.
Fettine Lacerto Vitello;Fettine Lacerto Vitello
Fettine Lombo / Roast Beef Equino;Fettine Lombo / Roast Beef Equino
Fettine Lombo / Roast Beef Vitello;Fettine Lombo / Roast Beef Vitello
Fettine Lombo / Roast-Beef Argentina B.A.;Fettine Lombo / Roast-Beef Argentina B.A.
Fettine Lombo / Roast-Beef Australia B.A.;Fettine Lombo / Roast-Beef Australia B.A.
Fettine Lombo / Roast-Beef B.A.;Fettine Lombo / Roast-Beef B.A.
Fettine Lombo / Roast-Beef Canadese B.A.;Fettine Lombo / Roast-Beef Canadese B.A.
Fettine Lombo / Roast-Beef Irlandese B.A.;Fettine Lombo / Roast-Beef Irlandese B.A.
Fettine Lombo / Roast-Beef Piemontese B.A.;Fettine Lombo / Roast-Beef Piemontese B.A.
Fettine Lombo / Roast-Beef Scottona B.A.;Fettine Lombo / Roast-Beef Scottona B.A.
Fettine Lombo / Roast-Beef Usa B.A.;Fettine Lombo / Roast-Beef Usa B.A.
Fettine Pizzaiola B.A;Fettine Pizzaiola B.A
Fettine Pizzaiola B.A.;Fettine Pizzaiola B.A.
Fettine Pizzaiola Piemontese B.A.;Fettine Pizzaiola Piemontese B.A.
Fettine Pizzaiola Scottona B.A.;Fettine Pizzaiola Scottona B.A.
Fette Per RollÃ¨ B.A.;Fettine Scelte / Spalla B.A.
Fettine B.A.;Fettine Scelte / Spalla B.A.
Fettine Scelte B.A.;Fettine Scelte / Spalla B.A.
Fettine Spalla B.A.;Fettine Scelte / Spalla B.A.
Fette / Fettine Scelte Vitello;Fettine Scelte / Spalla Vitello
Fettine Spalla Vitello;Fettine Scelte / Spalla Vitello
Fettine Scelte Scottona B.A.;Fettine Scelte Scottona B.A.
Fettine Coscia B.A.;Fettine Sceltissime / Coscia B.A.
Fettine Sceltissime B.A.;Fettine Sceltissime / Coscia B.A.
Fette / Fettine Sceltissime Vitello;Fettine Sceltissime / Coscia Vitello
Fettine Coscio Vitello;Fettine Sceltissime / Coscia Vitello
Fettine Sceltissime Scottona B.A;Fettine Sceltissime Scottona B.A
Fettine Sceltissime Scottona B.A.;Fettine Sceltissime Scottona B.A.
Fettine Sottili / Fine B.A.;Fettine Sottili / Fine B.A.
Fettine Sottilissime / Finissime B.A;Fettine Sottili / Fine B.A.
Fettine Sottili / Fine Chianina B.A.;Fettine Sottili / Fine Chianina B.A.
Fettine Sottili / Fine Scottona B.A.;Fettine Sottili / Fine Scottona B.A.
Fette / Fettine Sottili Vitello;Fettine Sottili / Fine Vitello
Fette / Fettine Sottilissime VItello;Fettine Sottili / Fine Vitello
Fettine Sottili / Piemontese B.A.;Fettine Sottili / Piemontese B.A.
Fettine Sottili Suino;Fettine Sottili Suino
Fettine Sottilissime / Finissime B.A.;Fettine Sottilissime / Finissime B.A.
Fettine Sottilissime / Finissime Scottona B.A;Fettine Sottilissime / Finissime Scottona B.A
Fettine Sottilissime / Finissime Suino;Fettine Sottilissime / Finissime Suino
Fettine Sottilissime / Piemontese B.A.;Fettine Sottilissime / Piemontese B.A.
Fettine Spalla / Scelte Piemontese B.A.;Fettine Spalla / Scelte Piemontese B.A.
Fettine Spalla Scottona B.A.;Fettine Spalla Scottona B.A.
Fettine Spalla Sorana B.A.;Fettine Spalla Sorana B.A.
Fettine Spalla Suino;Fettine Spalla Suino
Fiandra Straecca Equino;Fiandra Straecca Equino
Filetto A Fette B.A;Filetto A Fette B.A
Filetto A Fette B.A.;Filetto A Fette B.A.
Filetto A Fette Suino;Filetto A Fette Suino
Filetto A Tranci B.A;Filetto A Tranci B.A
Filetto A Tranci B.A.;Filetto A Tranci B.A.
Filetto Argentina B.A.;Filetto Argentina B.A.
Filetto Australiana B.A.;Filetto Australiana B.A.
Filetto B.A.;Filetto B.A.
Filetto Chianina B.A.;Filetto Chianina B.A.
Filetto Coniglio;Filetto Coniglio
Filetto Danese B.A.;Filetto Danese B.A.
Filetto Equino;Filetto Equino
Filetto Impanato Pollo;Filetto Impanato Pollo
Filetto Intero Farcito Suino;Filetto Intero Farcito Suino
Filetto Intero Suino;Filetto Intero Suino
Filetto Irlandese B.A.;Filetto Irlandese B.A.
Filetto Piemontese B.A.;Filetto Piemontese B.A.
Filetto A Fette Pollo;Filetto Pollo
Filetto Pollo;Filetto Pollo
Filetto Quaglia;Filetto Quaglia
Filetto Scottona B.A.;Filetto Scottona B.A.
Filetto Struzzo;Filetto Struzzo
Filetto Tacchino;Filetto Tacchino
Filetto Vitello;Filetto Vitello
Fiorentina B.A.;Fiorentina B.A.
Fiorentina Senza Osso B.A.;Fiorentina B.A.
Fiorentina Chianina B.A;Fiorentina Chianina B.A
Fiorentina Chianina B.A.;Fiorentina Chianina B.A.
Fiorentina Danese B.A.;Fiorentina Danese B.A.
Fiorentina Scottona B.A.;Fiorentina Scottona B.A.
Francesine Pollo;Francesine Pollo
Frattaglie Coniglio;Frattaglie Coniglio
Fusi Farciti Pollo;Fusi Farciti Pollo
Fusi Pollo;Fusi Pollo
Fusi Tacchino;Fusi Tacchino
Fusi Tacchino X2;Fusi Tacchino
Galletto In Parti / A Pezzi;Galletto In Parti / A Pezzi
Galletto Intero / Busto;Galletto Intero / Busto
Galletto Intero / Busto Alla Diavola;Galletto Intero / Busto Alla Diavola
Gallina In Parti / A Pezzi;Gallina In Parti / A Pezzi
Busto Gallina;Gallina Intera / Busto
Gallina Intera;Gallina Intera / Busto
Gallo In Parti / A Pezzi;Gallo In Parti / A Pezzi
Gallo In Parti / A Pezzi Ruspante;Gallo In Parti / A Pezzi Ruspante
Gallo Intero / Busto;Gallo Intero / Busto
Gallo Intero / Busto Ruspante;Gallo Intero / Busto Ruspante
Girello A Fette Vitello;Girello A Fette Vitello
Girello A Tranci Vitello;Girello A Tranci Vitello
Girello Intero B.A.;Girello Intero B.A.
Girello Intero Vitello;Girello Intero Vitello
Grigliata Pollo;Grigliata Pollo
Grigliata Suino;Grigliata Suino
Grigliata Tacchino;Grigliata Tacchino
Groppone Pollo;Groppone Pollo
Guance B.A.;Guance B.A.
Hamburger / Medaglioni Equino;Hamburger / Medaglioni Equino 
Hamburger B.A.;Hamburger B.A.
Hamburger Black Angus B.A.;Hamburger Black Angus B.A.
Hamburger Chianina B.A.;Hamburger Chianina B.A.
Hamburger Cinghiale;Hamburger Cinghiale
Hamburger Conditi Vitello;Hamburger Conditi Vitello 
Hamburger Condito B.A.;Hamburger Condito B.A. 
Hamburger Condito Misto (B.A. E Suino);Hamburger Condito Misto (B.A. E Suino)
Hamburger Condito Pollo;Hamburger Condito Pollo 
Hamburger Condito Scottona B.A.;Hamburger Condito Scottona B.A.
Hamburger Condito Suino;Hamburger Condito Suino
Hamburger Condito Tacchino;Hamburger Condito Tacchino 
Hamburger Coniglio;Hamburger Coniglio
Hamburger Danese B.A.;Hamburger Danese B.A.
Hamburger Impanato Pollo;Hamburger Impanato Pollo 
Hamburger Mini B.A.;Hamburger Mini B.A.
Hamburger Mini Chianina B.A.;Hamburger Mini Chianina B.A.
Hamburger Mini Vitello;Hamburger Mini Vitello 
Hamburger Misto (B.A. E Suino);Hamburger Misto (B.A. E Suino) 
Hamburger Misto (Pollo E Tacchino);Hamburger Misto (Pollo E Tacchino) 
Hamburger Misto (Tacchino E Suino);Hamburger Misto (Tacchino E Suino) 
Hamburger Misto Black Angus E Kobe B. A.;Hamburger Misto Black Angus E Kobe B. A.
Hamburger Piemontese B.A.;Hamburger Piemontese B.A. 
Hamburger Pollo;Hamburger Pollo
Hamburger Scottona B.A.;Hamburger Scottona B.A.
Hamburger Suino;Hamburger Suino
Hamburger Tacchino;Hamburger Tacchino
Hamburger Vitello;Hamburger Vitello
Impasto Salsiccia;Impasto Salsiccia
Interiora / Frattaglie Agnello;Interiora / Frattaglie Agnello
Interiora / Frattaglie Pollo;Interiora / Frattaglie Pollo
Involtini B.A.;Involtini B.A.
Involtini Pollo;Involtini Pollo
Involtini Suino;Involtini Suino
Involtini Trippa B. A.;Involtini Trippa B. A.
Jambleu;Jambleu
Jambleu Tacchino;Jambleu Tacchino
Kebab Pollo;Kebab Pollo
Kebab Tacchino;Kebab Tacchino
Lingua B.A.;Lingua B.A.
Lingua Suino;Lingua Suino
Lingua Vitello;Lingua Vitello
Lombatine B.A;Lombatine B.A
Lombatine B.A.;Lombatine B.A.
Lombatine Coniglio;Lombatine Coniglio
Lombatine Suino;Lombatine Suino
Lonza / Arista A Fette Cinghiale;Lonza / Arista A Fette Cinghiale
Lonza / Arista A Fette Suino;Lonza / Arista A Fette Suino
Lonza / Arista A Tranci Suino;Lonza / Arista A Tranci Suino
Lonza / Arista Impanata Suino;Lonza / Arista Impanata Suino
Luganega Aromatizzata Suino;Luganega Aromatizzata Suino
Luganega B.A.;Luganega B.A.
Luganega Piccante B.A.;Luganega B.A.
Luganega Pollo;Luganega Pollo
Luganega Pollo E Tacchino;Luganega Pollo E Tacchino 
Luganega Piccante Suino;Luganega Suino
Luganega Suino;Luganega Suino
Luganega Tacchino;Luganega Tacchino
Macinato / Trita B.A.;Macinato / Trita B.A.
Macinato Per Rag¨ / Trita Sugo B.A.;Macinato / Trita B.A.
Macinato Anatra;Macinato Anatra
Macinato Black Angus B.A.;Macinato Black Angus B.A.
Macinato Chianina B.A.;Macinato Chianina B.A.
Macinato Coniglio;Macinato Coniglio 
Macinato Danese B.A.;Macinato Danese B.A.
Macinato Equino;Macinato Equino
Macinato Misto Suino E Bovino;Macinato Misto Suino E Bovino
Macinato Misto Suino E Tacchino;Macinato Misto Suino E Tacchino
Macinato Piemontese B.A.;Macinato Piemontese B.A.
Macinato Pollo;Macinato Pollo
Macinato Sceltissimo B.A.;Macinato Sceltissimo B.A.
Tritato Sceltissimo B.A.;Macinato Sceltissimo B.A.
Macinato Sceltissimo Vitello;Macinato Sceltissimo Vitello
Macinato Scelto B.A.;Macinato Scelto B.A.
Macinato Scelto Equino;Macinato Scelto Equino
Macinato Scelto Suino;Macinato Scelto Suino
Macinato Scelto Vitello;Macinato Scelto Vitello
Macinato Scottona B.A.;Macinato Scottona B.A.
Macinato Suino;Macinato Suino
Macinato Tacchino;Macinato Tacchino
Macinato Vitello;Macinato Vitello
Magatello B.A.;Magatello B.A.
Magatello Piemontese B.A.;Magatello Piemontese B.A.
Magatello Scottona B.A.;Magatello Scottona B.A.
Magatello Vitello;Magatello Vitello
Maialino Porchettato;Maialino Porchettato
Mascella B. A.;Mascella B. A.
MetÓ Gallina;Metà Gallina
MetÃ  Oca;Metà Oca
Mezzo Cappone;Mezzo Cappone
Mezzo Coniglio In Parti;Mezzo Coniglio In Parti
Milza B.A;Milza B.A
Milza B.A.;Milza B.A.
Milza Vitello;Milza Vitello
Mollame Suino;Mollame Suino
Muscolo Intero B.A.;Muscolo Intero B.A.
Muscolo Intero Chianina B.A;Muscolo Intero Chianina B.A
Muscolo Intero Equino;Muscolo Intero Equino
Muscolo Intero Piemontese B.A.;Muscolo Intero Piemontese B.A.
Muscolo Intero Scottona B.A.;Muscolo Intero Scottona B.A.
Muscolo Intero Vitello;Muscolo Intero Vitello
Nervi B.A.;Nervi B.A.
Nervi Conditi B.A.;Nervi Conditi B.A.
Nervi Conditi Vitello;Nervi Conditi Vitello
Nervi Vitello;Nervi Vitello
Oca In Parti / A Pezzi;Oca In Parti / A Pezzi
Oca Intera / Busto;Oca Intera / Busto
Olive Ascolane;Olive Ascolane
Orecchie Suino;Orecchie Suino
Ossa Per Bollito;Ossa Per Bollito
Ossa Per Bollito B.A.;Ossa Per Bollito B.A.
Ossobuco B.A.;Ossobuco B.A.
Ossobuco Chianina B.A;Ossobuco Chianina B.A
Ossobuco Equino;Ossobuco Equino
Ossobuco Piemontese B.A.;Ossobuco Piemontese B.A.
Ossobuco Scottona B.A.;Ossobuco Scottona B.A.
Ossobuco Suino;Ossobuco Suino
Ossobuco Tacchino;Ossobuco Tacchino
Ossobuco Vitello;Ossobuco Vitello
Pagliata Abbacchio;Pagliata Abbacchio
Pagliata Vitello;Pagliata Vitello
Pancetta A Fette Suino;Pancetta A Fette Suino
Pancetta A Tranci Suino;Pancetta A Tranci Suino
Pancetta Suino;Pancetta Suino
Pecora In Parti;Pecora In Parti
Pesce / Piccione / Campanello B.A.;Pesce / Piccione / Campanello B.A.
Pesce / Piccione / Campanello Scottona B.A.;Pesce / Piccione / Campanello Scottona B.A.
Pesce / Piccione / Campanello Vitello;Pesce / Piccione / Campanello Vitello
Petto / Fesa Tranci Vitello;Petto / Fesa Tranci Vitello
Petto A Fette Impanato Pollo;Petto A Fette Impanato Pollo
Petto A Fette Pollo;Petto A Fette Pollo
Petto Anatra;Petto Anatra
Petto Intero Pollo;Petto Intero Pollo
Petto Intero Pollo X2;Petto Intero Pollo
Petto Intero Pollo X3;Petto Intero Pollo
Petto Quaglia;Petto Quaglia
Pezza / Samone Vitello;Pezza / Samone Vitello
Pezza / Scamone B.A.;Pezza / Scamone B.A.
Picanha B.A.;Picanha B.A.
Picanha Scottona B.A.;Picanha Scottona B.A.
Piccione In Part / A Pezzi;Piccione In Part / A Pezzi
Piccione Intero / Busto;Piccione Intero / Busto
Pizzy Snack Margherita Tacchino;Pizzy Snack Margherita Tacchino
Pollo A Pezzi Allevato A Terra;Pollo A Pezzi Allevato A Terra
Pollo In Parti / A Pezzi;Pollo In Parti / A Pezzi
Pollo In Parti / A Pezzi Condito;Pollo In Parti / A Pezzi Condito
Pollo In Parti / A Pezzi Ruspante;Pollo In Parti / A Pezzi Ruspante
Busto Pollo;Pollo Intero / Busto
Pollo Intero;Pollo Intero / Busto
Pollo Intero / Busto X2;Pollo Intero / Busto
Pollo Intero / Busto Alla Diavola;Pollo Intero / Busto Alla Diavola
Pollo Intero / Busto Allevato A Terra;Pollo Intero / Busto Allevato A Terra
Pollo Intero / Busto Ruspante;Pollo Intero / Busto Ruspante
Pollo Ripieno;Pollo Ripieno
Polmone B.A;Polmone B.A
Polmone B.A.;Polmone B.A.
Polmone E Milza B.A;Polmone E Milza B.A
Polmone Vitello;Polmone Vitello
Polpa / Sottofesa Con Osso Piemontese B.A;Polpa / Sottofesa Con Osso Piemontese B.A
Polpa / Sottofesa Senza Osso Piemontese B.A;Polpa / Sottofesa Senza Osso Piemontese B.A
Polpa A Tranci B.A;Polpa A Tranci B.A
Polpa A Tranci Chianina B.A;Polpa A Tranci Chianina B.A
Polpa Arrosto Equino;Polpa Arrosto Equino
Polpa Coscia B.A;Polpa Coscia B.A
Polpa / Sottofesa Con Osso B.A.;Polpa Scelta Con Osso B.A.
Polpa Scelta / Sottofesa Con Osso B.A.;Polpa Scelta Con Osso B.A.
Polpa / Sottofesa Con Osso Vitello;Polpa Scelta Con Osso Vitello
Polpa Scelta B.A. Scottona;Polpa Scelta Scottona B.A.
Polpa Scelta Scottona B.A.;Polpa Scelta Scottona B.A.
Noce B.A.;Polpa Scelta Senza Osso B.A.
Polpa / Sottofesa Senza Osso B.A.;Polpa Scelta Senza Osso B.A.
Polpa Scelta / Sottofesa Senza Osso B.A.;Polpa Scelta Senza Osso B.A.
Polpa Spalla B.A.;Polpa Scelta Senza Osso B.A.
Noce Vitello;Polpa Scelta Senza Osso Vitello
Polpa / Sottofesa Senza Osso Vitello;Polpa Scelta Senza Osso Vitello
Polpa Spalla Vitello;Polpa Scelta Senza Osso Vitello
Polpa Sceltissima Con Osso B.A.;Polpa Sceltissima Con Osso B.A.
Polpa Sceltissima Con Osso Vitello;Polpa Sceltissima Con Osso Vitello
Polpa Sceltissima Senza Osso B.A.;Polpa Sceltissima Senza Osso B.A.
Polpa Sceltissima Senza Osso Scottona B.A.;Polpa Sceltissima Senza Osso Scottona B.A.
Polpa Sceltissima Senza Osso Vitello;Polpa Sceltissima Senza Osso Vitello
Polpa Senza Osso Suino;Polpa Senza Osso Suino
Polpa Spalla Piemontese B.A;Polpa Spalla Piemontese B.A
Polpette B.A.;Polpette B.A.
Polpette Chianina B.A.;Polpette Chianina B.A.
Polpette Con Formaggio Tacchino E Suino;Polpette Con Formaggio Tacchino E Suino
Polpette Con Spinaci Tacchino E Suino;Polpette Con Spinaci Tacchino E Suino
Polpette Miste (B.A. E Suino);Polpette Miste (B.A. E Suino)
Polpette Pollo;Polpette Pollo 
Polpette Pollo E Tacchino;Polpette Pollo E Tacchino 
Polpette Suino;Polpette Suino
Polpette Tacchino;Polpette Tacchino 
Polpette Tacchino Condite;Polpette Tacchino Condite
Polpette Tacchino E Suino;Polpette Tacchino E Suino
Polpette Vitello;Polpette Vitello
Polpettone B.A.;Polpettone B.A.
Polpettone Misto ( Pollo Suino Tacchino);Polpettone Misto ( Pollo Suino Tacchino)
Polpettone Pollo;Polpettone Pollo
Polpettone Tacchino;Polpettone Tacchino
Polpettone Vitello;Polpettone Vitello
Preparato Per Bollito B.A.;Preparato Per Bollito B.A.
Punta A Fette B.A.;Punta A Fette B.A.
Punta A Fette C/O Scottona B.A;Punta A Fette C/O Scottona B.A
Punta A Fette C/O Scottona B.A.;Punta A Fette C/O Scottona B.A.
Punta A Fette Piemontese B.A.;Punta A Fette Piemontese B.A.
Punta A Fette S/O Scottona B.A;Punta A Fette S/O Scottona B.A
Punta A Fette S/O Scottona B.A.;Punta A Fette S/O Scottona B.A.
Punta A Fette Vitello;Punta A Fette Vitello
Punta Di Petto Intera B.A;Punta Di Petto Intera B.A
Punta Di Petto Intera B.A.;Punta Di Petto Intera B.A.
Quaglia Intera / Busto;Quaglia Intera / Busto
Quaglia Intera / Busto X2;Quaglia Intera / Busto
Quaglia Intera / Busto X3;Quaglia Intera / Busto
Quaglia Intera / Busto X4;Quaglia Intera / Busto
Quaglia Intera / Busto X5;Quaglia Intera / Busto
Quarti Anteriori Maialino;Quarti Anteriori Maialino
Quarti Posteriori Maialino;Quarti Posteriori Maialino
Quarti Posteriori Pollo;Quarti Posteriori Pollo
Quarto Anteriore Agnello;Quarto Anteriore Agnello
Quarto Posteriore Agnello;Quarto Posteriore Agnello
Reale A Fette Equino;Reale A Fette Equino
Rene B.A.;Rene B.A.
Rene Suino;Rene Suino
Rene Vitello;Rene Vitello
Ritagli Pollo;Ritagli Pollo
RollÚ Tacchino;RollÚ Tacchino
Salamella / Luganega B.A.;Salamella / Luganega B.A.
Salamella / Luganega Piccante B.A.;Salamella / Luganega B.A.
Salamella / Luganega Pollo;Salamella / Luganega Pollo
Salamella / Luganega Pollo E Suino;Salamella / Luganega Pollo E Suino
Salamella / Luganega Pollo E Tacchino;Salamella / Luganega Pollo E Tacchino
Salamella / Luganega Aromatizzata Suino;Salamella / Luganega Suino
Salamella / Luganega Piccante Suino;Salamella / Luganega Suino
Salamella / Luganega Suino;Salamella / Luganega Suino
Salamella / Luganega Tacchino;Salamella / Luganega Tacchino
Salamella / Luganica Equino;Salamella / Luganica Equino
Salsiccia / Salamella Aromatizzata Suino;Salsiccia / Salamella Aromatizzata Suino
Salsiccia / Salamella B.A;Salsiccia / Salamella B.A
Salsiccia / Salamella B.A.;Salsiccia / Salamella B.A.
Salsiccia / Salamella Condita Suino;Salsiccia / Salamella Condita Suino 
Salsiccia / Salamella Di Fegato;Salsiccia / Salamella Di Fegato
Salsiccia / Salamella Di Prosciutto Suino;Salsiccia / Salamella Di Prosciutto Suino
Salsiccia / Salamella Mantovana Suino;Salsiccia / Salamella Mantovana Suino
Salsiccia / Salamella Mignon Suino;Salsiccia / Salamella Mignon Suino
Salsiccia / Salamella Pollo;Salsiccia / Salamella Pollo 
Salsiccia / Salamella Pollo E Tacchino;Salsiccia / Salamella Pollo E Tacchino
Salsiccia / Salamella Punta Di Coltello Suino;Salsiccia / Salamella Punta Di Coltello Suino
Salsiccia / Salamella A Pezzi Suino;Salsiccia / Salamella Suino
Salsiccia / Salamella Macinata Suino;Salsiccia / Salamella Suino
Salsiccia / Salamella Piccante Suino;Salsiccia / Salamella Suino
Salsiccia / Salamella Suino E B.A;Salsiccia / Salamella Suino E B.A
Salsiccia / Salamella Suino E Pollo;Salsiccia / Salamella Suino E Pollo
Salsiccia / Salamella Suino E Tacchino;Salsiccia / Salamella Suino E Tacchino
Salsiccia / Salamella Suino E Vitello;Salsiccia / Salamella Suino E Vitello
Salsiccia / Salamella Suino Pollo E Tacchino;Salsiccia / Salamella Suino Pollo E Tacchino
Salsiccia / Salamella Tacchino;Salsiccia / Salamella Tacchino 
Salsiccia / Salamella Umbra Suino;Salsiccia / Salamella Umbra Suino
Salsiccia / Salamella Macinata Vitello;Salsiccia / Salamella Vitello 
Salsiccia Coniglio;Salsiccia Coniglio
Salsiccia Legata A Pezzi Cinghiale;Salsiccia Legata A Pezzi Cinghiale
Salsiccia Legata B.A.;Salsiccia Legata B.A.
Salsiccia Legata Calabra Suino;Salsiccia Legata Calabra Suino
Salsiccia Legata Coniglio;Salsiccia Legata Coniglio
Salsiccia Legata Di Fegato;Salsiccia Legata Di Fegato
Salsiccia Legata Di Fegato Suino;Salsiccia Legata Di Fegato Suino
Salsiccia Legata Di Prosciutto Suino;Salsiccia Legata Di Prosciutto Suino
Salsiccia Legata Mantovana Suino;Salsiccia Legata Mantovana Suino
Salsiccia Legata Mignon Suino;Salsiccia Legata Mignon Suino
Salsiccia Legata Norcia;Salsiccia Legata Norcia
Salsiccia Legata Norcia Suino;Salsiccia Legata Norcia Suino
Salsiccia Legata Pollo;Salsiccia Legata Pollo
Salsiccia Legata Pollo E Suino;Salsiccia Legata Pollo E Suino
Salsiccia Legata Pollo E Tacchino;Salsiccia Legata Pollo E Tacchino
Salsiccia Legata Pollo Suino E Tacchino;Salsiccia Legata Pollo Suino E Tacchino
Salsiccia Legata Punta Di Coltello Suino;Salsiccia Legata Punta Di Coltello Suino
Salsiccia Legata A Pezzi Suino;Salsiccia Legata Suino
Salsiccia Legata Aromatizzata Suino;Salsiccia Legata Suino
Salsiccia Legata Calabra;Salsiccia Legata Suino
Salsiccia Legata Condita Suino;Salsiccia Legata Suino
Salsiccia Legata Macinata Suino;Salsiccia Legata Suino
Salsiccia Legata Piccante Suino;Salsiccia Legata Suino
Salsiccia Legata Verzino Dolce;Salsiccia Legata Suino
Salsiccia Legata Suino E B.A;Salsiccia Legata Suino E B.A
Salsiccia Legata Suino E Pollo;Salsiccia Legata Suino E Pollo
Salsiccia Legata Suino E Tacchino;Salsiccia Legata Suino E Tacchino
Salsiccia Legata Suino Pollo E Tacchino;Salsiccia Legata Suino Pollo E Tacchino
Salsiccia Legata Tacchino;Salsiccia Legata Tacchino
Salsiccia Legata Verzino Dolce Suino;Salsiccia Legata Verzino Dolce Suino
Salsiccia Legata Zampina;Salsiccia Legata Zampina
Salsiccia Legata Zampina Suino;Salsiccia Legata Zampina Suino
Salsiccia Mista (Suino, Pollo, Tacchino);Salsiccia Mista (Suino, Pollo, Tacchino)
Sanguinaccio Suino;Sanguinaccio Suino
Scaloppe B.A.;Scaloppe B.A.
Scaloppe Piemontese B.A;Scaloppe Piemontese B.A
Scaloppe Pollo;Scaloppe Pollo
Scaloppe Scottona B.A;Scaloppe Scottona B.A
Scaloppe Scottona B.A.;Scaloppe Scottona B.A.
Scaloppe Vitello;Scaloppe Vitello
Scamone Equino;Scamone Equino
Scamone Puledro;Scamone Puledro
Scamone Vitello;Scamone Vitello
Scaramella / Corazza B.A.;Scaramella / Corazza B.A.
Sella maialino;Sella maialino
Sella Maialino;Sella Maialino
Selle Coniglio;Selle Coniglio
Selle Quglia;Selle Quglia
Sfilacci B.A.;Sfilacci B.A.
Sfilacci Equino;Sfilacci Equino 
Sottofiletto B.A.;Sottofiletto B.A.
Sottofiletto Piemontese B.A.;Sottofiletto Piemontese B.A.
Sottofiletto Vitello;Sottofiletto Vitello
Sovracosce Impanate Pollo;Sovracosce Impanate Pollo
Sovracosce Pollo;Sovracosce Pollo
Sovracoscio Tacchino;Sovracoscio Tacchino
Spalla A Tranci Suino;Spalla A Tranci Suino
Spalla Abbacchio;Spalla Abbacchio
Spalla Agnello;Spalla Agnello
Spalla Con Osso Suino;Spalla Con Osso Suino
Spalla Maialino;Spalla Maialino
Spalla Tranci Coniglio;Spalla Tranci Coniglio
Spiedini B.A.;Spiedini B.A.
Spiedini Pollo;Spiedini Pollo
Spiedini Pollo E Suino;Spiedini Pollo E Suino
Spiedini Pollo E Tacchino;Spiedini Pollo E Tacchino
Spiedini Pollo Tacchino E Suino;Spiedini Pollo Tacchino E Suino
Spiedini Suino;Spiedini Suino
Spiedini Tacchino;Spiedini Tacchino
Spinacine / Ortaiole Pollo;Spinacine / Ortaiole Pollo
Spinacine / Ortaiole Pollo E Tacchino;Spinacine / Ortaiole Pollo E Tacchino
Spinacine / Ortaiole Tacchino;Spinacine / Ortaiole Tacchino
Spinacine Con Mozzarella Pollo;Spinacine Con Mozzarella Pollo
Spinacine Pollo;Spinacine Pollo
Stinco Suino;Stinco Suino
Stinco Vitello;Stinco Vitello
Straccetti B.A.;Straccetti B.A.
Straccetti Black Angus B.A.;Straccetti Black Angus B.A.
Straccetti Chianina B.A.;Straccetti Chianina B.A.
Straccetti Conditi Pollo;Straccetti Conditi Pollo
Straccetti Danese B.A.;Straccetti Danese B.A.
Straccetti Galletto;Straccetti Galletto
Straccetti Piemontese B.A.;Straccetti Piemontese B.A.
Straccetti Pollo;Straccetti Pollo
Straccetti Scottona B.A.;Straccetti Scottona B.A.
Straccetti Struzzo;Straccetti Struzzo
Straccetti Suino;Straccetti Suino
Straccetti Tacchino;Straccetti Tacchino
Straccetti Vitello;Straccetti Vitello
Stuzzichini Di Prosciutto Cotto;Stuzzichini Di Prosciutto Cotto
Suino Dakota;Suino Dakota
Suino In Parti / A Pezzi;Suino In Parti / A Pezzi
Tacchino Dakota;Tacchino Dakota
Tacchino In Parti / A Pezzi;Tacchino In Parti / A Pezzi
Tacchino In Parti / A Pezzi Condito;Tacchino In Parti / A Pezzi Condito
Tagliata Australiana B.A.;Tagliata Australiana B.A.
Tagliata B.A.;Tagliata B.A.
Tagliata Black Angus B.A.;Tagliata Black Angus B.A.
Tagliata Chianina B.A.;Tagliata Chianina B.A.
Tagliata Danese B.A.;Tagliata Danese B.A.
Tagliata Equino;Tagliata Equino
Tagliata Piemontese B.A.;Tagliata Piemontese B.A.
Tagliata Pollo;Tagliata Pollo
Tagliata Scottona B.A.;Tagliata Scottona B.A.
Tagliata Struzzo;Tagliata Struzzo
Tagliata Suino;Tagliata Suino
Tagliata Tacchino;Tagliata Tacchino
Tagliata Vitello;Tagliata Vitello
Tartare B.A.;Tartare B.A. 
Tartare Piemontese B.A.;Tartare Piemontese B.A.
Tartare Scottona B.A.;Tartare Scottona B.A.
Tartare Vitello;Tartare Vitello
Tenerelle Pollo;Tenerelle Pollo
Tenerone B. A.;Tenerone B. A.
Testa Agnello;Testa Agnello 
Testa Maialino;Testa Maialino
Testina B. A.;Testina B. A.
Testina Coniglio;Testina Coniglio
Testina Vitello;Testina Vitello
Trattalia;Trattalia
Trinca A Fette B.A;Trinca A Fette B.A
Trinca A Fette B.A.;Trinca A Fette B.A.
Trippa B.A.;Trippa B.A.
Turcinieddi;Turcinieddi
Zampi / Piedini Agnello;Zampi / Piedini Agnello
Zampi / Piedini B.A.;Zampi / Piedini B.A.
Zampi / Piedini Pecora;Zampi / Piedini Pecora
Zampi / Piedini Suino;Zampi / Piedini Suino
